fill_rate,avg_inventory,stockout_count,total_demand,demand_met,sku_id,method,rop,safety_stock
100.0,14251.799071463916,0,61988,61988.0,P0014,fixed,10917.776643351708,1473.6464107935694
88.5757772165524,9582.886971429109,13,62031,54944.44036519962,P0016,fixed,10005.488073039924,1415.0240511520983
78.0895714072928,9093.329462614742,19,64114,50066.347812071705,P0001,fixed,10514.956517734772,1487.175053986483
84.22393970166834,12065.879912637614,14,61818,52065.555044777335,P0019,fixed,10413.111008955468,1456.3779720197642
100.0,16062.379923455901,0,58245,58245.0,P0009,fixed,11794.141359514457,1560.1038766143206
69.83261739233481,9557.70446464926,28,61720,43100.69145454904,P0013,fixed,10879.345727274524,1531.261801145933
87.66728901400221,9681.003003645996,13,62746,55007.71716472582,P0005,fixed,11001.543432945165,1424.6525984718414
88.67738673440032,10213.133095045692,11,59151,52453.56102726513,P0003,fixed,10729.87457921861,1485.1108309285962
69.4138052141782,9187.32546726854,29,58501,40607.77018834639,P0018,fixed,11573.885094173193,1534.199868454998
