inventory_savings,annual_carrying_savings,stockout_savings,total_annual_benefit,payback_months,npv_3year,roi_year1
-1180946.7749982728,-295236.6937495682,11100,-299136.6937495682,inf,-793908.6824275511,-698.2733874991363
