,metric,control_mean,treatment_mean,difference,pct_change,p_value,is_significant,cohens_d,ci_lower,ci_upper
fill_rate,Fill Rate (%),85.16448740893657,95.22016222861006,10.055674819673499,11.807356711241505,0.019866819245614915,True,1.1136480977510685,1.8891282916157657,18.22222134773123
avg_inventory,Average Inventory (units),11077.271263578974,13357.573852012882,2280.3025884339077,20.58541796237606,0.08148117248581313,False,0.8362981473835683,-103.87633869313458,4664.48151556095
stockouts,Stockout Count,14.11111111111111,4.818181818181818,-9.292929292929292,-65.85540443808159,0.020426983673198843,True,-1.10962921555355,-16.857592035169446,-1.7282665506891375
